<builds>

  <build>
	<name>madnox</name>
	<version>1.0</version>
	<url>http://mybuilds.xyz/Wizard/madnox.zip</url>
	<icon>http://mybuilds.xyz/Wizard/madnox.png</icon>
	<fanart>http://mybuilds.xyz/Wizard/madnox.jpg</fanart>
	<description>A build by glynn</description>
          </build>
		  
		  <build>
	<name>kodiplex19</name>
	<version>1.0</version>
	<url>http://mybuilds.xyz/Wizard/kodiplex19.zip</url>
	<icon>http://mybuilds.xyz/Wizard/madnox.png</icon>
	<fanart>http://mybuilds.xyz/Wizard/madnox.jpg</fanart>
	<description>A build by glynn</description>
          </build>
  
</builds>