<?xml version="1.0" encoding="UTF-8"?>
    <builds>
    	
        <build name = "k19plex">
            <version>1.0</version>
            <url>http://mybuilds.xyz/Wizard/k19plex.zip</url>
            <icon>http://mybuilds.xyz/Wizard/novemberbuild.png</icon>
            <fanart>http://mybuilds.xyz/Wizard/novemberbuild.jpg</fanart>
            <description>A build by</description>
        </build>
        
        <build name = "k19">
            <version>1.0</version>
            <url>http://mybuilds.xyz/Wizard/k19.zip</url>
            <icon>http://mybuilds.xyz/Wizard/novemberbuild.png</icon>
            <fanart>http://mybuilds.xyz/Wizard/novemberbuild.jpg</fanart>
            <description>A build by</description>
        </build>
        
    </builds>